ticker,company_name,sector,industry,cik,form_type,filing_date,period_end,accession_number,source_url,primary_document_url,source_file,download_status,source_sha256,html_sha256,amendment_accessions,parser_version,issuer_verified,current_ticker_cik,selection_note,entity_continuity_url
MSFT,MICROSOFT CORP,Technology / Software,Services-Prepackaged Software,0000789019,10-K,2026-07-29,2026-06-30,0001193125-26-323660,https://www.sec.gov/Archives/edgar/data/789019/000119312526323660/0001193125-26-323660-index.html,https://www.sec.gov/Archives/edgar/data/789019/000119312526323660/msft-20260630.htm,MSFT_10K_2026-07-29.txt,verified,d8abaffdbf47ffb88ba56b826514759fef079cda66810b0b54f08ee300b6aaa4,6c2858c9d8b3360462ebf26f8aa5408b0bf5f46ae9e0ae7f91fbffc535ee9127,NA,edgartools 5.61.1; HTMLParser; max_col_width=500,True,0000789019,NA,NA
ADBE,ADOBE INC.,Technology / Software,Services-Prepackaged Software,0000796343,10-K,2026-01-15,2025-11-28,0000796343-26-000003,https://www.sec.gov/Archives/edgar/data/796343/000079634326000003/0000796343-26-000003-index.html,https://www.sec.gov/Archives/edgar/data/796343/000079634326000003/adbe-20251128.htm,ADBE_10K_2026-01-15.txt,verified,2a424aa046d8b62ac226f0d44d8bd2482d5dbcdcb710b4cc5b361f410c844bf5,c0edcca4e0586e1d7bcb3ec232a4b8d640eea4ad970b0b620d9909c7fb202b2a,NA,edgartools 5.61.1; HTMLParser; max_col_width=500,True,0000796343,NA,NA
CRM,"Salesforce, Inc.",Technology / Software,Services-Prepackaged Software,0001108524,10-K,2026-03-02,2026-01-31,0001108524-26-000060,https://www.sec.gov/Archives/edgar/data/1108524/000110852426000060/0001108524-26-000060-index.html,https://www.sec.gov/Archives/edgar/data/1108524/000110852426000060/crm-20260131.htm,CRM_10K_2026-03-02.txt,verified,2f917daa5f87f337ab1780a39e9da527e8253a768fc6557249702fce9cfa90e3,28e4c33c5d8332d929a3630735016739dd10b479a2baca46f3532f00631f1c69,NA,edgartools 5.61.1; HTMLParser; max_col_width=500,True,0001108524,NA,NA
WMT,Walmart Inc.,Retail / Consumer Commerce,Retail-Variety Stores,0000104169,10-K,2026-03-13,2026-01-31,0000104169-26-000055,https://www.sec.gov/Archives/edgar/data/104169/000010416926000055/0000104169-26-000055-index.html,https://www.sec.gov/Archives/edgar/data/104169/000010416926000055/wmt-20260131.htm,WMT_10K_2026-03-13.txt,verified,97db8f78c81a301b59602984a653935d1b8e553eab688654c96f9f245ec9eecd,7cf714a6b54becde8d5c3c396db7cffa7025bcedc58c37bedb8813eabc69a4ce,NA,edgartools 5.61.1; HTMLParser; max_col_width=500,True,0000104169,NA,NA
TGT,TARGET CORP,Retail / Consumer Commerce,Retail-Variety Stores,0000027419,10-K,2026-03-11,2026-01-31,0000027419-26-000016,https://www.sec.gov/Archives/edgar/data/27419/000002741926000016/0000027419-26-000016-index.html,https://www.sec.gov/Archives/edgar/data/27419/000002741926000016/tgt-20260131.htm,TGT_10K_2026-03-11.txt,verified,bca62045fb4ddc2235120fb9e4ad039163ea0950106f9d2ef65e3a6628a18835,222eaa25b428749928fae94521289efc4764d5ead141732d04af5e37c0bc11dc,NA,edgartools 5.61.1; HTMLParser; max_col_width=500,True,0000027419,NA,NA
COST,COSTCO WHOLESALE CORP /NEW,Retail / Consumer Commerce,Retail-Variety Stores,0000909832,10-K,2026-10-07,2026-08-30,0000909832-26-000093,https://www.sec.gov/Archives/edgar/data/909832/000090983226000093/0000909832-26-000093-index.html,https://www.sec.gov/Archives/edgar/data/909832/000090983226000093/cost-20260830.htm,COST_10K_2026-10-07.txt,verified,b213c7f3118bc349649d51dd79f8603bb9b4b78ab0d5519e5a002d19740233d2,a7013283b21b58a66eb662a5919e9ea6e2bcabce7a3f84b3b4483708c2b894f0,NA,edgartools 5.61.1; HTMLParser; max_col_width=500,True,0000909832,NA,NA
JPM,JPMORGAN CHASE & CO,Financial Services / Banking,National Commercial Banks,0000019617,10-K,2026-02-13,2025-12-31,0001628280-26-008131,https://www.sec.gov/Archives/edgar/data/19617/000162828026008131/0001628280-26-008131-index.html,https://www.sec.gov/Archives/edgar/data/19617/000162828026008131/jpm-20251231.htm,JPM_10K_2026-02-13.txt,verified,993e45f6ca2f12951d8b85c21287e158cb0e1732e5053a025d1493c8ba08e502,d9c40aef41c501c9bc15cf1657b133af7f9fb626018ff4f694db1d3d4e70b5a3,NA,edgartools 5.61.1; HTMLParser; max_col_width=500,True,0000019617,NA,NA
BAC,BANK OF AMERICA CORP /DE/,Financial Services / Banking,National Commercial Banks,0000070858,10-K,2026-02-25,2025-12-31,0000070858-26-000157,https://www.sec.gov/Archives/edgar/data/70858/000007085826000157/0000070858-26-000157-index.html,https://www.sec.gov/Archives/edgar/data/70858/000007085826000157/bac-20251231.htm,BAC_10K_2026-02-25.txt,verified,3289a1af0a01bc81c6aa457eba36c0a955f11e34533a189e72712739b012f279,26ac23b13d0ef19399c2b7acb29a6d72fc7a0bf5bb6c51ab654030c0129b3a06,NA,edgartools 5.61.1; HTMLParser; max_col_width=500,True,0000070858,NA,NA
C,CITIGROUP INC,Financial Services / Banking,National Commercial Banks,0000831001,10-K,2026-02-20,2025-12-31,0000831001-26-000011,https://www.sec.gov/Archives/edgar/data/831001/000083100126000011/0000831001-26-000011-index.html,https://www.sec.gov/Archives/edgar/data/831001/000083100126000011/c-20251231.htm,C_10K_2026-02-20.txt,verified,576ec06c47fca0f393b941dae7a1ac6cffa5f2dbc45c57208ddc59e643999f66,e3a42cdd3eacb348cdc38e6db13011b44dd667c86e6631aef9abef7e090f330f,NA,edgartools 5.61.1; HTMLParser; max_col_width=500,True,0000831001,NA,NA
JNJ,JOHNSON & JOHNSON,Healthcare / Pharmaceuticals,Pharmaceutical Preparations,0000200406,10-K,2026-02-11,2025-12-28,0000200406-26-000016,https://www.sec.gov/Archives/edgar/data/200406/000020040626000016/0000200406-26-000016-index.html,https://www.sec.gov/Archives/edgar/data/200406/000020040626000016/jnj-20251228.htm,JNJ_10K_2026-02-11.txt,verified,9c6c9b0e89b863e93451151ba666f3c27b3220a39a0bfa5221e8df1260cc323b,a6d449cbe7b86eb31a12fada91e782b4037a5a40f98918292ca128b1ebd14b4c,NA,edgartools 5.61.1; HTMLParser; max_col_width=500,True,0000200406,NA,NA
PFE,PFIZER INC,Healthcare / Pharmaceuticals,Pharmaceutical Preparations,0000078003,10-K,2026-02-26,2025-12-31,0000078003-26-000026,https://www.sec.gov/Archives/edgar/data/78003/000007800326000026/0000078003-26-000026-index.html,https://www.sec.gov/Archives/edgar/data/78003/000007800326000026/pfe-20251231.htm,PFE_10K_2026-02-26.txt,verified,a98b8c12f5cf66f949991ae0c825f88901b9fd32f7f2c3ae835accd2900046f0,773be67a3cd4ebb5930b0d91fca3cff2f67c417743925b2717c73adeb5666a8b,NA,edgartools 5.61.1; HTMLParser; max_col_width=500,True,0000078003,NA,NA
MRK,"Merck & Co., Inc.",Healthcare / Pharmaceuticals,Pharmaceutical Preparations,0000310158,10-K,2026-02-24,2025-12-31,0000310158-26-000063,https://www.sec.gov/Archives/edgar/data/310158/000031015826000063/0000310158-26-000063-index.html,https://www.sec.gov/Archives/edgar/data/310158/000031015826000063/mrk-20251231.htm,MRK_10K_2026-02-24.txt,verified,fdcb5f9c4b85d938f7d5bea18f6801452c159de25efa5e4774bca3ad2f901471,e5c624d12eb29b49d9436fd023e3352f648e35750dac268467fc30dcb822089d,NA,edgartools 5.61.1; HTMLParser; max_col_width=500,True,0000310158,NA,NA
CAT,CATERPILLAR INC,Industrials / Manufacturing,Construction Machinery & Equip,0000018230,10-K,2026-02-13,2025-12-31,0000018230-26-000008,https://www.sec.gov/Archives/edgar/data/18230/000001823026000008/0000018230-26-000008-index.html,https://www.sec.gov/Archives/edgar/data/18230/000001823026000008/cat-20251231.htm,CAT_10K_2026-02-13.txt,verified,71658d881bd6dc8cb88155ab43d864c2d69de939ef520f270cbd56fa756d14cf,aa357d045f2ac7b2b0e286aaeb94bf740adcffa255610bcaf8e9f08e9b28058a,NA,edgartools 5.61.1; HTMLParser; max_col_width=500,True,0000018230,NA,NA
DE,DEERE & CO,Industrials / Manufacturing,Farm Machinery & Equipment,0000315189,10-K,2025-12-18,2025-11-02,0001104659-25-122321,https://www.sec.gov/Archives/edgar/data/315189/000110465925122321/0001104659-25-122321-index.html,https://www.sec.gov/Archives/edgar/data/315189/000110465925122321/de-20251102x10k.htm,DE_10K_2025-12-18.txt,verified,012ec69eea86cd50c86acb993b93f856edc0df9ffa45d47be2331fae80c6885e,629f7b3de03233f5c06930d52da85a31d35e4a85e6991d1da3d44f081e63c05a,NA,edgartools 5.61.1; HTMLParser; max_col_width=500,True,0000315189,NA,NA
HON,HONEYWELL INTERNATIONAL INC,Industrials / Manufacturing,Aircraft Engines & Engine Parts,0000773840,10-K,2026-02-17,2025-12-31,0000773840-26-000013,https://www.sec.gov/Archives/edgar/data/773840/000077384026000013/0000773840-26-000013-index.html,https://www.sec.gov/Archives/edgar/data/773840/000077384026000013/hon-20251231.htm,HON_10K_2026-02-17.txt,verified,d1c2cdbeb56d23ccadd23a45330b98bb144280a2d0a0a72923247eb5809ab1b7,5f3378721dca94e92ec84d23ee1b46dc74d5d69f048f0538cd43a3cf3d01584b,NA,edgartools 5.61.1; HTMLParser; max_col_width=500,True,0000773840,NA,NA
XOM,EXXON MOBIL CORP,Energy / Oil & Gas,Petroleum Refining,0000034088,10-K,2026-02-18,2025-12-31,0000034088-26-000045,https://www.sec.gov/Archives/edgar/data/34088/000003408826000045/0000034088-26-000045-index.html,https://www.sec.gov/Archives/edgar/data/34088/000003408826000045/xom-20251231.htm,XOM_10K_2026-02-18.txt,verified,1412b04f0412d90e1f63b8f244cfc3703583f5bbc0cf11aa83bd1ddfa2298473,baa0a80318903163f01402ca8501d1ef7cfc6c49b95103437740d1c2d60bb5b8,NA,edgartools 5.61.1; HTMLParser; max_col_width=500,True,0002115436,Latest annual report of consolidated XOM group under predecessor registrant; successor redomiciliation effective 2026-07-01; no successor original 10-K by cutoff.,https://www.sec.gov/Archives/edgar/data/2115436/000119312526291990/d71068d8k12b.htm
CVX,CHEVRON CORP,Energy / Oil & Gas,Petroleum Refining,0000093410,10-K,2026-02-24,2025-12-31,0000093410-26-000078,https://www.sec.gov/Archives/edgar/data/93410/000009341026000078/0000093410-26-000078-index.html,https://www.sec.gov/Archives/edgar/data/93410/000009341026000078/cvx-20251231.htm,CVX_10K_2026-02-24.txt,verified,5e29ca48509a7210446d693143d35c38b5064738653e9bde24c55fd7ec6da727,76b76733c1fd8457377a7eba1c8b8b740cec17bafee902dbfa29d8bc7b1b07e7,NA,edgartools 5.61.1; HTMLParser; max_col_width=500,True,0000093410,NA,NA
COP,CONOCOPHILLIPS,Energy / Oil & Gas,Petroleum Refining,0001163165,10-K,2026-02-17,2025-12-31,0001163165-26-000009,https://www.sec.gov/Archives/edgar/data/1163165/000116316526000009/0001163165-26-000009-index.html,https://www.sec.gov/Archives/edgar/data/1163165/000116316526000009/cop-20251231.htm,COP_10K_2026-02-17.txt,verified,cf95510c8e5407bdacd89e9ab8fac8f4a490eb95b75fb1fbad2a987d6a22d01c,e6f1fe0f2e6b9d887bad156f005622da3f8cb0c204f6fb84e3767152ce4ea607,NA,edgartools 5.61.1; HTMLParser; max_col_width=500,True,0001163165,NA,NA
