line,page,text
139,4,there's no change to that sort of hope or aspiration. But I would think about that as a kind of natural long-term consequence of executing the
140,4,"strategy that we believe in across all the various components of it, from focus on primary bank relationships, branch expansion, deepening,"
141,4,"product value proposition, et cetera. And so, the view is that the 15% will be an outcome of that, and we still feel good about it."
142,4,............................................................................................................................................................................................................................
143,4,Christopher McGratty
144,4,"Analyst, Keefe, Bruyette & Woods, Inc. Q"
145,4,"That's great. And for my follow-up, bigger picture question on the expenses. Really, the returns that you're getting from the branch build-out,"
146,4,"the AI investments, the hire of the bankers. Ultimately, I guess the question is where are we in the investment cycle and really how does it play"
147,4,into the operating leverage outlook over the medium-term? Thanks.
148,4,............................................................................................................................................................................................................................4
149,5,Jamie Dimon
150,5,"Chairman & Chief Executive Officer, JPMorganChase A"
151,5,"I would just say it's a complete continuation of what we've been doing for years. So, you shouldn't really expect any change."
152,5,............................................................................................................................................................................................................................
153,5,Jeremy Barnum
154,5,"Chief Financial Officer, JPMorganChase A"
155,5,"Yeah. I mean, that's what I was going to say too. I mean, obviously, there are other expense dynamics this quarter, which maybe I'll save for"
156,5,"another question. But in the end, we're investing, we're always going to invest. It's been working. And obviously, the returns so far speak for"
157,5,themselves. And I think the thing that we've been saying for a long time is that the power of this franchise is such that we are able to
158,5,"aggressively invest for the future for the sake of generating future returns and to solidify the competitive position of the franchise, while still"
159,5,"delivering exceptional current returns. And I think that would be true if we were delivering 15%, 16%, 17% returns. Obviously, when we're"
160,5,"delivering these types of returns, it really is firing on all cylinders."
161,5,............................................................................................................................................................................................................................
162,5,Christopher McGratty
163,5,"Analyst, Keefe, Bruyette & Woods, Inc. Q"
164,5,Thanks so much.
165,5,............................................................................................................................................................................................................................
166,5,Operator: Thank you. Our next question comes from John McDonald with Truist Securities. Your line is open.
167,5,............................................................................................................................................................................................................................
168,5,John McDonald
169,5,"Analyst, Truist Securities, Inc. Q"
170,5,"Thank you. Good morning. Jeremy, I was wondering if you could talk a little bit about the drivers of the upward revision to the ex. Markets NII,"
257,7,"Chairman & Chief Executive Officer, JPMorganChase A"
258,7,"Several years. You can use a few years. You can use plus or minus. Obviously, it's totally up to the Board, not up to me."
259,7,............................................................................................................................................................................................................................
260,7,Erika Najarian
261,7,"Analyst, UBS Securities LLC Q"
262,7,Okay. Thank you.
263,7,............................................................................................................................................................................................................................
264,7,Operator: Thank you. Our next question comes from Jim Mitchell with Seaport Global Securities. Your line is open.
265,7,............................................................................................................................................................................................................................
266,7,Jim Mitchell
267,7,"Analyst, Seaport Global Securities LLC Q"
268,7,"Okay. Good morning. Just, Jeremy, maybe a follow-up on the expense question and operating leverage question earlier. Understand"
269,7,"completely longer term, no bank can generate perpetual operating leverage. But if we look at year-to-date results, it's been a strong revenue"
270,7,"environment, but I think operating leverage on an adjusted basis was negative. You alluded to some expense one-offs potentially. No"
271,7,"question, you're investing heavily and should be. So, I get all that. But just when I think about the benefits of AI and technology generally, is"
272,7,there a time over the intermediate term where you think expense growth could slow a little and operating leverage kind of becomes more likely
273,7,in a period of time over the next few years?
274,7,............................................................................................................................................................................................................................
275,7,Jamie Dimon
276,7,"Chairman & Chief Executive Officer, JPMorganChase A"
277,7,"I'm just going to answer that by saying, when you have great returns and very good margins, which actually went up this quarter, not down,"
278,7,the notion that somehow you can forever increase your operating leverage is a crazy notion. We don't have that. I think it's part of the reason
279,7,"why banks failed if you go back 20 years ago. We're never going to have that point of view. And AI will have its gives and takes. So, we can't"
280,7,project.
281,7,"I do think you might actually see a slowdown in growth, maybe a slowdown in 2027 or 2028. But the teams are looking at all of our"
282,7,"opportunities. And we pointed out over and over again, when we have an opportunity to spend more money in marketing with a positive ROI,"
283,7,we're going to do it. We're not going to have false gods where we have to pray that we can do something really smart. I've also pointed out
284,7,"over and continuously that some expenses, if you accounted for them as investments, that they have very good returns, but they're expenses"
285,7,in the short-run.
286,7,"And AI still remains to be seen, because the other thing I think about AI, which is a little bit different than everybody else, is you don't uniquely"
287,7,"benefit from AI. The ultimate beneficiary of AI will be our customers. And in a competitive capitalist world, we all will use AI to do a better job"
288,7,"for the customers, and we can't just say, oh, it's going to increase our margins and we're going to keep that. If that were true, our margins"
289,7,would be 80% today because of computerization over the last 20 years.
290,7,............................................................................................................................................................................................................................
291,7,Jim Mitchell
292,7,"Analyst, Seaport Global Securities LLC Q"
293,7,"Yeah. All fair. Appreciate it. And then, just maybe a quick one on regulation. Is there any update on the thoughts on potential for adjustments"
294,7,"to the regulatory proposals, since I know you and your peers have been particularly vocal around the GSIB surcharge and some elements of"
295,7,Basel III? Just curious if there's been any developments there.7
296,8,............................................................................................................................................................................................................................
297,8,Jamie Dimon
298,8,"Chairman & Chief Executive Officer, JPMorganChase A"
299,8,"There are four obvious changes they should make. And I think it's unfair when I hear them say – they should do the numbers the right way,"
300,8,"and you guys should demand it. Do the numbers the right way, and if they think they want to be more conservative, they should add"
301,8,conservatism. They should not do the numbers in a false way to make the number higher. I just think that's intellectual clarity and honesty and
302,8,stuff like that. They should get rid of the double count in operating risk capital. They should get rid of the double count in market risk capital.
303,8,"We have $80 billion or more now of market risk capital, and the biggest quarterly loss we ever had was $1.4 billion. Even the CCAR market"
304,8,"loss, I think, is like $14 billion or $15 billion. And so, they should adjust the GSIB the way they were supposed to going back to 2015, and they"
305,8,should change the way they're doing short-term wholesale funding to be fair to everybody. Those are the things they should do. The number
306,8,"should be the number. If they think we should hold more capital, they should ask us to hold 10% more, and I'd be happy to do that. But I'm not"
307,8,happy to have these numbers falsely done.
308,8,............................................................................................................................................................................................................................
309,8,Jeremy Barnum
310,8,"Chief Financial Officer, JPMorganChase A"
311,8,"Yeah. And I'd just briefly add on short-term wholesale funding, I think there's an important point there in terms of the competitive dynamics that"
312,8,"we were really quite explicit about in our comment letter, which I would encourage everyone to read, because it's a nuanced thing, but I think if"
313,8,"you go through it, it makes the point very clearly. And what they've wound up doing with this change in the short-term wholesale funding is"
314,8,"essentially increase the burden on banks like us and Bank of America that have both markets and banking businesses, as well as traditional"
315,8,consumer businesses disproportionately relative to our former investment bank competitors who have different business mix.
316,8,"And I guess, conceivably, someone could want that as a policy outcome. I don't understand why you would want that as a policy outcome,"
317,8,"because it is disproportionately damaging the ability of banks to serve Main Street. But if that's what someone wants, they should say it. And if"
318,8,"that's not what they want, then they shouldn't let it happen by accident as a result of like a seemingly very technical thing, like removing RWA"
319,8,"from the denominator of the short-term wholesale funding contribution to the GSIB score. I mean, this is a little bit of what Jamie talks about"
320,8,"when he's saying like, do the numbers right and just be clear about your policy objectives."
321,8,............................................................................................................................................................................................................................
322,8,Jim Mitchell
323,8,"Analyst, Seaport Global Securities LLC Q"
324,8,Yeah. Absolutely. I appreciate the thoughts.
325,8,............................................................................................................................................................................................................................
326,8,Jeremy Barnum
327,8,"Chief Financial Officer, JPMorganChase A"
328,8,Thanks.
329,8,............................................................................................................................................................................................................................
330,8,Operator: Thank you. Our next question comes from Matt O'Connor with Deutsche Bank. Your line is open.
331,8,............................................................................................................................................................................................................................
332,8,Matt O'Connor
333,8,"Analyst, Deutsche Bank Securities, Inc. Q"
334,8,"Good morning. It seems like everything is firing on most or all cylinders, trading, investment banking, lending, credit. Is this as good as it gets"
335,8,"or – and I know you've kind of flagged some of the risks out there. But is there also an argument to be made that we're earlier cycle, given AI"
336,8,"and what seems likely to be a big increase in global defense spending, global supply chains management? As we put all that together, what"
337,8,are your thoughts?
338,8,............................................................................................................................................................................................................................
339,8,Jamie Dimon
340,8,"Chairman & Chief Executive Officer, JPMorganChase A"
341,8,It's getting close to as good as it gets. We just don't know how long it's going to last.
342,8,............................................................................................................................................................................................................................8
343,9,Matt O'Connor
344,9,"Analyst, Deutsche Bank Securities, Inc. Q"
345,9,"Okay. And then, the rate expectations continue to move all over the place out there. And you show that you're kind of well-positioned for"
346,9,"higher rates, meaning make more money. But is there a tipping point where the deposit behavior changes both from a volume perspective and"
347,9,"then betas, which you alluded to earlier have been better than expected so far, but if we go up a certain amount, do you think there could be a"
348,9,meaningful change in that?
349,9,............................................................................................................................................................................................................................
350,9,Jeremy Barnum
351,9,"Chief Financial Officer, JPMorganChase A"
352,9,"Yeah. That's a good question actually, Matt. And I think the short answer is like we don't really know. And if you'd asked me that question a"
353,9,"couple of years ago, I would have said that – you're essentially asking a question about the convexity of the rate paid dynamic, especially for"
354,9,"consumer deposits, negative convexity to be specific. And if you'd asked me that at the beginning of this rate cycle, I would have said that we"
355,9,would be experiencing that effect right now. And we're not.
356,9,"But just from a common sense perspective, like you have to believe that, at some point, that kicks in. So, when we do our stress testing and"
485,12,"it's their heart, their soul, the culture carrier, can they walk into operating centers. He's exhibited that in Markets, in Investment Banking."
486,12,"Remember, even the IB is an extensive operations function and back-office function, technology function, where he's exhibited great"
487,12,"expertise. So, we're completely comfortable with that."
488,12,"I do think it's very important that people have experience across the company. And when I've seen investment banks, big banks taken over by"
489,12,"someone only from the investment bank who only cares about the investment bank, believe me, the rest of the franchise can suffer. You need"
490,12,"respect for the rest of the franchise. So, I think it's great for him. It's great for the company. He's already excited. He's already been to"
491,12,"branches and out and about, and he'll take it hopefully onward and upward."
492,12,............................................................................................................................................................................................................................
493,12,Jeremy Barnum
494,12,"Chief Financial Officer, JPMorganChase A"
495,12,"And Mike, just a minor correction. Troy – with no offense intended to my old good friends who are foreign exchange spot traders, but Troy was"
496,12,"actually an options trader, which is also where I started. So, I think he would want me to correct the record on that one."
497,12,............................................................................................................................................................................................................................
498,12,Mike Mayo
499,12,"Analyst, Wells Fargo Securities LLC Q"
500,12,All right. Thank you.
501,12,............................................................................................................................................................................................................................
502,12,Operator: Thank you. Our next question comes from Saul Martinez with HSBC. Your line is open.
503,12,............................................................................................................................................................................................................................
504,12,Saul Martinez
505,12,"Analyst, HSBC Securities (USA), Inc. Q"
506,12,"Hi. Good morning. Thanks for taking my question. I have a broader question on AI, and it is, is there an argument that we're vastly"
507,12,underestimating the potential benefits to efficiency and the impacts on how companies can run their businesses? I know Block is a really
508,12,"different animal than you are on a lot of levels. But they argued, when they cut 40% of their workforce, that given the advancement in AI tools,"
509,12,"if they look at their organizational structure with a blank sheet of paper, they could be much leaner and not sacrifice on product velocity and"
510,12,"commercial outcomes. And I guess I'm asking if you think there could be a parallel with banks, where you can operate with a different"
511,12,"structure, be much more agile, be more efficient over time. I know it's a sensitive topic, but curious how you think about these questions and"
512,12,how you're positioning yourself for this world.
513,12,............................................................................................................................................................................................................................
514,12,Jamie Dimon
515,12,"Chairman & Chief Executive Officer, JPMorganChase A"
516,12,"Yeah. So, it's not a sensitive topic at all. We are going to use AI to do a better job for clients. That's our job. We fully expect it'll have huge"
517,12,"efficiency in certain parts of the company. And we analyze it all the time. I think we've mentioned in the past, we spend quite a bit of money on"
518,12,"it. We have a lot of NPVs that we know we have. The whole company is working this at this point. And I think there's almost 1,000 use cases"
519,12,"today, though I would say that the really important ones are 50 – probably 50 across risk, fraud, marketing, hedging, prospecting, note-taking,"
520,12,"idea generation, document reading. And it's kind of just starting. So, we do expect that."
521,12,I think you have to put in the back of your mind that there are areas where we may just accelerate what we do that we want to get done
522,12,"anyway. Think of certain applications and customer-facing things and stuff like that. We are preparing to make sure we can retrain our people,"
523,12,"and we have had discrete areas where we did reduce jobs by 30% or 40%. And most of those people were offered jobs elsewhere. So, we do"
524,12,"expect that. I also think that over time, remember, this will be offered to smaller competitors too through Fiserv and FIS and other fintech-kind"
525,12,companies.
526,12,"And over time, we've been doing this nonstop for 25 years, but just large computers and mainframes and APIs, and various tools and tricks we"
527,12,"use, we have always been trying to create more efficient stuff like this. This will be faster. This will be dramatic. The whole company is"
528,12,"involved in it. We have our offsite in July. You can imagine this is a big topic everywhere from front office to mid-office, to back office, to"
529,12,"marketing, to risk, you name the subject, and more to come. But we're kind of in the midst of this mini-revolution, and we'll report to you.12"
530,13,Jamie Dimon
531,13,"Chairman & Chief Executive Officer, JPMorganChase A"
532,13,"But I do also want to point out, maybe you could be ahead of other people kind of, but what always happens is the benefit accrues to the"
533,13,"customer, not to the – the JPMorgan in this case, because other people are doing the same thing and presumably it leads to lower cost and"
534,13,"lower error rates and a bunch of things. You can't just say, well, your ROE’s going to go to 50% and stay there. If we had a 50% ROE and"
535,13,"growing at 10% a year, you'd probably have – in 50 to 60 years, you'd probably be 100% of the GDP of the United States of America."
536,13,............................................................................................................................................................................................................................
537,13,Saul Martinez
538,13,"Analyst, HSBC Securities (USA), Inc. Q"
539,13,"Yeah. Yeah. Okay. Thank you for that. A follow-up on Equities, and I think, Jeremy, you said, if I recall correctly, that the particular set of"
540,13,things that happened this quarter are difficult to see repeated. Can you just maybe elaborate on what was most exceptional this quarter? I
541,13,"think some of your peers have talked about Asia, prime brokerage there. And I think you mentioned derivatives and cash being strong. But is"
542,13,there any areas or products or geographies that were particularly noteworthy in terms of the strength this quarter that may be difficult to
543,13,sustain going forward?
544,13,............................................................................................................................................................................................................................
545,13,Jeremy Barnum
546,13,"Chief Financial Officer, JPMorganChase A"
547,13,"Yeah, I mean, there's really not a lot behind my comment. It's essentially what you would get from asking any of the commercial AI models this"
548,13,"question and the two stages old version of the model. In other words, it's all the obvious stuff that's been heavily reported, like we had some"
549,13,major IPOs. We had some major index rebalancing. We had some very complicated dynamics in the Korean equity market. There's been a lot
550,13,of activity in Asia. The overall environment has been dynamic and interesting across a whole variety of dimensions. The clients have been
551,13,"extremely active. So, it's like all – it's all the headlines basically that have driven the market. And of course, that could obviously repeat. But I"
552,13,"just think like statistically, it seems improbable that that particular combination of effects could repeat itself. But it obviously could."
553,13,............................................................................................................................................................................................................................
554,13,Jamie Dimon
555,13,"Chairman & Chief Executive Officer, JPMorganChase A"
556,13,"And you guys, those who pay attention, you can see most of this on a daily basis through volumes in the New York Stock Exchange, the CME,"
557,13,"volumes through hedge funds, volumes through – it's not a secret. Margin loans. You could see a lot of this taking place during the course of"
558,13,the quarter.
559,13,............................................................................................................................................................................................................................
560,13,Saul Martinez
561,13,"Analyst, HSBC Securities (USA), Inc. Q"
562,13,Got it. Thank you.
563,13,............................................................................................................................................................................................................................
564,13,Jeremy Barnum
565,13,"Chief Financial Officer, JPMorganChase A"
566,13,"Thanks, Saul."
567,13,............................................................................................................................................................................................................................
568,13,Operator: Thank you. Our next question comes from Ebrahim Poonawala with Bank of America. Your line is open.
569,13,............................................................................................................................................................................................................................
570,13,Ebrahim H. Poonawala
571,13,"Analyst, Bank of America Merrill Lynch Q"
572,13,"Hey. Good morning. I guess maybe – a lot of discussion on the strong Wall Street backdrop. Maybe, Jeremy, just talk about the Main Street"
573,13,"part of the U.S. economy. There is a sense that there's a fragility when you look at housing, real estate. Rates potentially could go higher. Give"
574,13,"us a sense around what you're seeing from – on the consumer side, the ability to sort of pull forward and resiliency if rates go up. And are you"
575,13,seeing any broadening in CapEx beyond AI or is it very AI-centric in terms of what you're seeing on even commercial lending activity? Thanks.
576,13,............................................................................................................................................................................................................................13
577,14,Jeremy Barnum
578,14,"Chief Financial Officer, JPMorganChase A"
579,14,"Okay. Let me do these in reverse order actually, because I'll just address your AI CapEx question quickly. We do see some decent kind of"
580,14,"CapEx and associated loan growth across the franchise, and at least on the surface, some of that does not appear to be AI-related. However,"
581,14,I would be a little reluctant to draw that conclusion too strongly just because the AI theme has started to proliferate in so many different parts
582,14,"of the economy, right. It's like the comments about data centers wind up creating a lot of demand for like plumbers and electricians, right. So,"
583,14,"you wind up seeing it in sort of slightly non-obvious places. And so, any given bit of loan growth or CapEx that you see that doesn't"
584,14,"superficially look like it's AI-related, might still be. But on the other hand, it might not."
585,14,............................................................................................................................................................................................................................
586,14,Jamie Dimon
587,14,"Chairman & Chief Executive Officer, JPMorganChase A"
588,14,"To give you the big numbers, I think CapEx is about $4 trillion a year, and AI went from $400 billion last year to $700 billion this year. People"
589,14,"project, so do our people, it'll be like a little over $1 trillion next year, and maybe a little reduction in the non-AI CapEx. But that's hard to figure"
590,14,"out, because it's the same people – some of the same people doing the same."
591,14,............................................................................................................................................................................................................................
592,14,Jeremy Barnum
593,14,"Chief Financial Officer, JPMorganChase A"
594,14,Yeah. And I was talking to our economist the other day about like the CapEx impact of CHIPS Act and some of that's kind of rolled off and it's
595,14,"getting replaced by more direct AI stuff. So, it's a little bit hard to untangle the whole thing. Going to the consumer for a second. So, few things,"
596,14,"I guess I've kind of already covered. So, number one, spend is kind of fine, robust and across income segments. Seems like a bit of a tailwind"
597,14,there from tax refunds.
598,14,"Delinquencies are a little lower than we expected, and again, that's a better performance you see pretty much across the board by kind of"
599,14,"FICO score. There's some of that economic heterogeneity data came out from the Fed recently, which also I think doesn't give a lot of support"
600,14,"to the K-shaped narrative essentially. So, again, we think about this, we worry about this, we look at it. But from our perspective, through all"
601,14,"the various dimensions, there's not like that much there in terms to support the K-shaped narrative."
602,14,"Now, to your point about fragility in rates and housing and stuff like that, it is of course – we are in a slightly higher than normal inflationary"
603,14,environment. I think Marianne had made some comments at some point about a cohort of consumers who are experiencing negative real
604,14,"wage growth and that potentially creating some distress for those folks. Now, some of that statistically is kind of always going to be true in any"
605,14,moment in time in any cohort. But that's probably a watch area.
606,14,"And I think generally, obviously, it's been a long expansion that's gone on for a long time. I think the economy has surprised on the upside,"
607,14,"Consumer strength has surprised on the upside, and that inevitably makes everyone worry about fragility and about the thing that could"
608,14,"change it. But as I always say, when it comes to Consumer credit performance, it's just about the labor market. And so, you're not going to"
609,14,"hear anything from me that's new or differentiated about the labor market. Like we all see the same numbers, and it's been surprisingly"
610,14,"resilient. So, for now, that's the narrative."
611,14,............................................................................................................................................................................................................................
612,14,Ebrahim H. Poonawala
613,14,"Analyst, Bank of America Merrill Lynch Q"
614,14,"Got it. And I guess just a follow-up. On the capital front, you have excess capital, strong ROEs. But I guess the question would be, why buy"
615,14,"back stock here at 3 times tangible book when things are so good, bad things could happen? Why not just have some even more excess"
616,14,capital for a rainy day if things go south? Just talk to us in terms of how you're thinking about buybacks at these levels? And I know Jamie's
617,14,"talked about potential M&A at some point, maybe asset management, fintechs. But yeah, would love to revisit that. Thanks."
618,14,............................................................................................................................................................................................................................
619,14,Jamie Dimon
620,14,"Chairman & Chief Executive Officer, JPMorganChase A"
621,14,"Yeah. So, before I answer that, I want to tell you I always enjoy reading your weekend notes. They're insightful and sometimes quite funny."
622,14,"So, thank you for that."
623,14,............................................................................................................................................................................................................................14
624,15,Ebrahim H. Poonawala
625,15,"Analyst, Bank of America Merrill Lynch Q"
626,15,Thank you.
627,15,............................................................................................................................................................................................................................
628,15,Jamie Dimon
629,15,"Chairman & Chief Executive Officer, JPMorganChase A"
630,15,"Look, you're absolutely correct. I mean, we've always said we want to buy back less stock as the price goes up and more stock as the price"
631,15,"goes down. We had a lot of excess capital. And so, we were struggling with that if you're talking about two years ago. We still think the number"
632,15,"– use just approximately $40 billion, and I think we now think we could actually deploy that over time. The world's gotten bigger. It's gotten"
633,15,"more complex. I just got back from a tour of Europe, our Security and Resiliency Initiative, the hyperscalers, the needs are just big."
634,15,"And it's not just AI. You're talking about global infrastructure, the remilitarization of the world, the restructuring of trade is taking place, the"
635,15,"enormous need of our governments. You have – global deficits are almost 4.5% or 5%, which is a very big number competing for the same"
636,15,"capital. So, we do think we’ll deploy it, and that has consequences. And we're not going to tell the market what we're going to do. But we"
637,15,"agree with you generally. And if we think we can deploy, it's very different than buying back stock."
638,15,"I've also never thought that buying – I actually want to get rid of that number, money returned to shareholders. I just don't even like seeing it,"
639,15,because buying back stock is not returning money to shareholders. You're making an investment decision. You're not making a return money
640,15,"to shareholders decision. I actually do want that out of all our reports. And so, you can see changes taking place. We're just not going to tell"
641,15,you what they are. And I made a mistake last time mentioning $20 billion. We could obviously do far more than that or nothing at all. What I
642,15,was trying to point out is we have huge opportunities for organic growth in every single business we're in.
643,15,Organic growth is hard. It's technology. It's people. It's systems. It's branches. It's bankers. It's hiring. It's training and recruiting. But I was
644,15,"surprised to find out in parts of Europe that while we've doubled our share in certain areas, they think that we could do a lot more there and"
645,15,"country-by-country, including countries that we say aren't doing particularly well. And I think that's true here. We have our branch in the United"
646,15,"States. We've got our credit card business. We've got the Apple business at one point, which we have pretty high hopes for, if we come up"
647,15,with better products and better services.
648,15,"And yeah, so the goal is to deploy our capital at a 17% return. That is the goal, which we think we can do over time. We should always be"
649,15,"looking at inorganic. What we don't want to do is look at inorganic as a sign of weakness of organic, which I think companies do sometimes."
650,15,They bullshit about M&A when they should be focusing on why they're not doing particularly well in an area or something like that. And we
651,15,"have a lot of competition, by the way. We had pointed out before, very good competition, not just not just Goldman Sachs, who's doing a great"
652,15,"job, if you didn't read their numbers this morning, because I did. But you got Stripe and PayPal and Cash and Block and Chime and SoFi and"
653,15,"Revolut, and they're good."
654,15,"And we have to make certain investments to keep up with them or to hopefully do a better job than some of them. And so, we're doing all of"
841,19,And we're in a sense like a representation of the economy as a whole that we're probably lagging a little bit some of the cutting-edge adoption
842,19,"and usage as we should, given who we are as a company. But it is an important question for us as we go into next year and the subsequent"
843,19,"years. And I think the good news is that we've done a lot of really high-quality thinking on this, and a lot of the infrastructure that we've built"
844,19,over the last couple of years is going to position us to be quite sophisticated about using the right models for the right purpose.
845,19,"I mean, just to use one sort of topical example, no offense intended to those of you who tend to write slightly long reports, but as you can"
846,19,"imagine, sometimes people like to summarize those reports using AI tools. And as you know, the tools are quite good at doing that. And you"
847,19,"really don't need the latest cutting-edge, incredibly expensive model to summarize an analyst report. So, the idea is use the right model for the"
848,19,"right purpose, be smart about open source where appropriate, and ensure that you're getting value out of it ultimately in the end. Either we're"
849,19,"going to have a lot more capacity or we're going to have a lot more efficiency or both, or we're going to have better revenue outcomes or we're"
850,19,"going to compete more effectively, and we just need to be disciplined about how we handle that. So, that's a body of work that's happening"
851,19,right now.
852,19,............................................................................................................................................................................................................................
853,19,Manan Gosalia
854,19,"Analyst, Morgan Stanley & Co. LLC Q"
