ticker,source_file,total_word_count,ai_candidate_passage_count,ai_candidate_word_count,ai_candidate_word_share,ai_mention_count,ai_mentions_per_1000_words,sector,subsector,period_end,source_scope_note,substantive_ai_claim_count,strategy_claim_count,stage_eligible_claim_count,stage_na_claim_count,distinct_ai_use_case_count,deployed_use_case_count,internal_deployed_use_case_count,customer_facing_deployed_use_case_count,reported_deployment_present,ai_risk_claim_count,ai_governance_claim_count,semantic_review_status
MSFT,MSFT_10K_2026-07-29.txt,47809,101,12357,0.25846597920893555,175,3.6603986697065407,Technology / Software,Software / cloud,2026-06-30,Complete primary 10-K; exhibits and proxy material excluded.,110,23,35,85,10,8,1,6,1,37,4,AI_candidate_review_complete; full_document_absence_unassessed
ADBE,ADBE_10K_2026-01-15.txt,50379,64,7922,0.1572480597074178,167,3.314873260684015,Technology / Software,Software / cloud,2025-11-28,Complete primary 10-K; exhibits and proxy material excluded.,67,6,37,36,13,13,0,13,1,20,4,AI_candidate_review_complete; full_document_absence_unassessed
CRM,CRM_10K_2026-03-02.txt,60336,72,8199,0.1358890214797136,135,2.2374701670644392,Technology / Software,Software / cloud,2026-01-31,Complete primary 10-K; exhibits and proxy material excluded.,81,5,30,51,17,17,1,16,1,39,5,AI_candidate_review_complete; full_document_absence_unassessed
GOOGL,GOOGL_10K_2026-02-05.txt,52139,55,5231,0.10032796946623448,125,2.397437618673162,Technology / Software,Internet platforms,2025-12-31,Complete primary 10-K; exhibits and proxy material excluded.,55,7,21,36,11,11,0,9,1,31,2,AI_candidate_review_complete; full_document_absence_unassessed
META,META_10K_2026-01-29.txt,78908,75,12998,0.16472347543975263,154,1.9516398844223652,Technology / Software,Internet platforms,2025-12-31,Complete primary 10-K; exhibits and proxy material excluded.,79,6,26,53,7,6,2,4,1,50,1,AI_candidate_review_complete; full_document_absence_unassessed
ORCL,ORCL_10K_2026-06-22.txt,62426,43,5983,0.0958414763079486,125,2.00237080703553,Technology / Software,Software / cloud,2026-05-31,Complete primary 10-K; exhibits and proxy material excluded.,41,3,17,27,6,6,0,5,1,14,0,AI_candidate_review_complete; full_document_absence_unassessed
NOW,NOW_10K_2026-01-29.txt,51965,69,6108,0.11754065236216685,146,2.80958337342442,Technology / Software,Software / cloud,2025-12-31,Complete primary 10-K; exhibits and proxy material excluded.,71,5,34,38,22,22,1,21,1,18,6,AI_candidate_review_complete; full_document_absence_unassessed
WMT,WMT_10K_2026-03-13.txt,53778,19,3842,0.07144185354605972,25,0.46487411209044593,Retail / Consumer Commerce,General / grocery retail,2026-01-31,Complete primary 10-K; exhibits and proxy material excluded.,19,8,8,14,1,0,0,0,0,11,0,AI_candidate_review_complete; full_document_absence_unassessed
TGT,TGT_10K_2026-03-11.txt,35511,10,1751,0.04930866492072879,15,0.4224043254202923,Retail / Consumer Commerce,General / grocery retail,2026-01-31,Complete primary 10-K; exhibits and proxy material excluded.,12,1,1,11,2,0,0,0,0,9,0,AI_candidate_review_complete; full_document_absence_unassessed
COST,COST_10K_2026-10-07.txt,31410,5,1241,0.03950971028334925,10,0.3183699458771092,Retail / Consumer Commerce,General / grocery retail,2026-08-30,Complete primary 10-K; exhibits and proxy material excluded.,5,0,0,5,0,0,0,0,0,5,0,AI_candidate_review_complete; full_document_absence_unassessed
AMZN,AMZN_10K_2026-02-06.txt,42039,22,3727,0.0886557720212184,44,1.0466471609695758,Retail / Consumer Commerce,Commerce / cloud infrastructure,2025-12-31,Complete primary 10-K; exhibits and proxy material excluded.,21,1,2,20,0,0,0,0,1,16,1,AI_candidate_review_complete; full_document_absence_unassessed
HD,HD_10K_2026-03-18.txt,49490,13,3435,0.06940796120428369,17,0.34350373812891494,Retail / Consumer Commerce,Home improvement retail,2026-02-01,Complete primary 10-K; exhibits and proxy material excluded.,14,1,5,10,4,4,1,3,1,10,0,AI_candidate_review_complete; full_document_absence_unassessed
LOW,LOW_10K_2026-03-23.txt,44296,7,1087,0.024539461802420084,29,0.6546866534224309,Retail / Consumer Commerce,Home improvement retail,2026-01-30,Complete primary 10-K; exhibits and proxy material excluded.,11,2,7,4,4,4,2,2,1,5,1,AI_candidate_review_complete; full_document_absence_unassessed
KR,KR_10K_2026-03-31.txt,53982,4,466,0.008632507132006965,11,0.20377162757956355,Retail / Consumer Commerce,General / grocery retail,2026-01-31,Complete primary 10-K; exhibits and proxy material excluded.,4,0,1,3,0,0,0,0,1,4,0,AI_candidate_review_complete; full_document_absence_unassessed
JPM,JPM_10K_2026-02-13.txt,177035,20,1090,0.006156974609540487,30,0.16945801677634367,Financial Services / Banking,Diversified / commercial banking,2025-12-31,Complete primary 10-K; exhibits and proxy material excluded.,20,0,1,20,0,0,0,0,1,17,1,AI_candidate_review_complete; full_document_absence_unassessed
BAC,BAC_10K_2026-02-25.txt,133177,24,3966,0.029779916952626957,41,0.3078609669837885,Financial Services / Banking,Diversified / commercial banking,2025-12-31,Complete primary 10-K; exhibits and proxy material excluded.,23,1,2,23,1,0,0,0,1,21,2,AI_candidate_review_complete; full_document_absence_unassessed
C,C_10K_2026-02-20.txt,177460,20,1561,0.0087963484728953,38,0.21413276231263384,Financial Services / Banking,Diversified / commercial banking,2025-12-31,Complete primary 10-K; exhibits and proxy material excluded.,20,1,2,20,1,0,0,0,1,16,2,AI_candidate_review_complete; full_document_absence_unassessed
WFC,WFC_10K_2026-02-24.txt,13485,1,18,0.0013348164627363737,1,0.07415647015202076,Financial Services / Banking,Diversified / commercial banking,2025-12-31,Complete primary 10-K; material annual-report sections incorporated by reference are outside primary-document extraction; no full-filing absence inference.,1,0,0,1,0,0,0,0,0,0,0,AI_candidate_review_complete; full_document_absence_unassessed
GS,GS_10K_2026-02-25.txt,165720,17,2641,0.01593651943036447,46,0.27757663528843834,Financial Services / Banking,Investment banking / wealth management,2025-12-31,Complete primary 10-K; exhibits and proxy material excluded.,15,0,1,16,0,0,0,0,1,13,3,AI_candidate_review_complete; full_document_absence_unassessed
MS,MS_10K_2026-02-19.txt,115543,10,1164,0.010074171520559446,11,0.0952026518265927,Financial Services / Banking,Investment banking / wealth management,2025-12-31,Complete primary 10-K; exhibits and proxy material excluded.,10,0,0,10,0,0,0,0,0,9,1,AI_candidate_review_complete; full_document_absence_unassessed
USB,USB_10K_2026-02-23.txt,20390,1,180,0.008827856792545365,2,0.0980872976949485,Financial Services / Banking,Diversified / commercial banking,2025-12-31,Complete primary 10-K; material annual-report sections incorporated by reference are outside primary-document extraction; no full-filing absence inference.,1,1,1,0,0,0,0,0,0,0,0,AI_candidate_review_complete; full_document_absence_unassessed
JNJ,JNJ_10K_2026-02-11.txt,62539,3,641,0.010249604246949904,12,0.19188026671357072,Healthcare / Pharmaceuticals,Pharmaceuticals / biotechnology,2025-12-28,Complete primary 10-K; exhibits and proxy material excluded.,4,0,1,3,0,0,0,0,1,4,0,AI_candidate_review_complete; full_document_absence_unassessed
PFE,PFE_10K_2026-02-26.txt,95242,19,2869,0.030123264946137207,42,0.4409819197412906,Healthcare / Pharmaceuticals,Pharmaceuticals / biotechnology,2025-12-31,Complete primary 10-K; exhibits and proxy material excluded.,21,8,9,13,2,0,0,0,1,11,0,AI_candidate_review_complete; full_document_absence_unassessed
MRK,MRK_10K_2026-02-24.txt,93636,4,210,0.002242727156221966,14,0.14951514374813107,Healthcare / Pharmaceuticals,Pharmaceuticals / biotechnology,2025-12-31,Complete primary 10-K; exhibits and proxy material excluded.,4,0,2,2,0,0,0,0,1,4,0,AI_candidate_review_complete; full_document_absence_unassessed
ABBV,ABBV_10K_2026-02-20.txt,62507,4,237,0.003791575343561521,7,0.11198745740477066,Healthcare / Pharmaceuticals,Pharmaceuticals / biotechnology,2025-12-31,Complete primary 10-K; exhibits and proxy material excluded.,4,2,3,1,0,0,0,0,1,2,0,AI_candidate_review_complete; full_document_absence_unassessed
BMY,BMY_10K_2026-02-11.txt,78406,7,1173,0.014960589750784379,14,0.1785577634364717,Healthcare / Pharmaceuticals,Pharmaceuticals / biotechnology,2025-12-31,Complete primary 10-K; exhibits and proxy material excluded.,7,3,5,2,1,1,1,0,1,4,0,AI_candidate_review_complete; full_document_absence_unassessed
LLY,LLY_10K_2026-02-12.txt,53698,8,803,0.014954002011248092,29,0.5400573578159336,Healthcare / Pharmaceuticals,Pharmaceuticals / biotechnology,2025-12-31,Complete primary 10-K; exhibits and proxy material excluded.,9,0,1,8,0,0,0,0,1,6,0,AI_candidate_review_complete; full_document_absence_unassessed
AMGN,AMGN_10K_2026-02-13.txt,96130,10,1933,0.020108186830333923,36,0.37449287423280975,Healthcare / Pharmaceuticals,Pharmaceuticals / biotechnology,2025-12-31,Complete primary 10-K; exhibits and proxy material excluded.,9,1,3,7,1,1,0,0,1,6,2,AI_candidate_review_complete; full_document_absence_unassessed
CAT,CAT_10K_2026-02-13.txt,65816,1,173,0.0026285401726024067,2,0.03038774766014343,Industrials / Manufacturing,Construction / mining machinery,2025-12-31,Complete primary 10-K; exhibits and proxy material excluded.,0,0,0,1,0,0,0,0,0,0,0,AI_candidate_review_complete; full_document_absence_unassessed
DE,DE_10K_2025-12-18.txt,55789,15,1266,0.0226926455035939,20,0.3584936098514044,Industrials / Manufacturing,Agricultural machinery,2025-11-02,Complete primary 10-K; exhibits and proxy material excluded.,13,2,6,10,2,1,0,1,1,6,0,AI_candidate_review_complete; full_document_absence_unassessed
HON,HON_10K_2026-02-17.txt,66712,9,2229,0.03341227964983811,28,0.4197145940760283,Industrials / Manufacturing,Diversified industrial technology,2025-12-31,Complete primary 10-K; exhibits and proxy material excluded.,10,1,2,8,1,1,0,1,1,8,0,AI_candidate_review_complete; full_document_absence_unassessed
GE,GE_10K_2026-01-29.txt,59469,3,835,0.014040928887319443,5,0.08407741848694278,Industrials / Manufacturing,Aerospace engines / services,2025-12-31,Complete primary 10-K; exhibits and proxy material excluded.,3,0,1,2,0,0,0,0,1,3,0,AI_candidate_review_complete; full_document_absence_unassessed
RTX,RTX_10K_2026-02-06.txt,80502,5,1914,0.023775806812253112,7,0.0869543613823259,Industrials / Manufacturing,Aerospace / defense,2025-12-31,Complete primary 10-K; exhibits and proxy material excluded.,6,2,2,4,0,0,0,0,0,5,0,AI_candidate_review_complete; full_document_absence_unassessed
ETN,ETN_10K_2026-02-26.txt,48342,4,704,0.014562905961689628,13,0.2689172975880187,Industrials / Manufacturing,Power management,2025-12-31,Complete primary 10-K; exhibits and proxy material excluded.,4,0,0,4,0,0,0,0,0,4,0,AI_candidate_review_complete; full_document_absence_unassessed
MMM,MMM_10K_2026-02-03.txt,70132,4,1155,0.016468944276507157,16,0.22814121941481777,Industrials / Manufacturing,Diversified manufacturing,2025-12-31,Complete primary 10-K; exhibits and proxy material excluded.,5,1,2,4,0,0,0,0,1,4,0,AI_candidate_review_complete; full_document_absence_unassessed
XOM,XOM_10K_2026-02-18.txt,62895,3,467,0.0074250735352571744,5,0.07949757532395262,Energy / Oil & Gas,Integrated oil and gas,2025-12-31,Complete primary 10-K; exhibits and proxy material excluded.,2,1,1,2,0,0,0,0,0,1,0,AI_candidate_review_complete; full_document_absence_unassessed
CVX,CVX_10K_2026-02-24.txt,73488,3,267,0.0036332462442847813,14,0.19050729370781624,Energy / Oil & Gas,Integrated oil and gas,2025-12-31,Complete primary 10-K; exhibits and proxy material excluded.,5,1,2,3,0,0,0,0,1,1,1,AI_candidate_review_complete; full_document_absence_unassessed
COP,COP_10K_2026-02-17.txt,75683,1,145,0.0019158859981766052,1,0.013213006883976586,Energy / Oil & Gas,Upstream oil and gas,2025-12-31,Complete primary 10-K; exhibits and proxy material excluded.,1,0,0,1,0,0,0,0,0,1,0,AI_candidate_review_complete; full_document_absence_unassessed
OXY,OXY_10K_2026-02-18.txt,67134,3,287,0.004275032025501236,3,0.04468674591116275,Energy / Oil & Gas,Upstream oil and gas,2025-12-31,Complete primary 10-K; exhibits and proxy material excluded.,3,0,1,2,1,1,1,0,1,3,1,AI_candidate_review_complete; full_document_absence_unassessed
EOG,EOG_10K_2026-02-24.txt,64336,1,183,0.0028444416811738375,4,0.062173588659537427,Energy / Oil & Gas,Upstream oil and gas,2025-12-31,Complete primary 10-K; exhibits and proxy material excluded.,1,0,0,1,0,0,0,0,0,1,0,AI_candidate_review_complete; full_document_absence_unassessed
SLB,SLB_10K_2026-01-23.txt,33983,9,907,0.026689815495983284,13,0.38254421328311217,Energy / Oil & Gas,Oilfield services / technology,2025-12-31,Complete primary 10-K; exhibits and proxy material excluded.,8,0,4,5,2,2,0,2,1,2,0,AI_candidate_review_complete; full_document_absence_unassessed
PSX,PSX_10K_2026-02-20.txt,80596,2,391,0.004851357387463398,2,0.024815127301603058,Energy / Oil & Gas,Downstream / refining,2025-12-31,Complete primary 10-K; exhibits and proxy material excluded.,2,0,0,2,0,0,0,0,0,2,0,AI_candidate_review_complete; full_document_absence_unassessed
