ticker,company_name,sector,industry,cik,form_type,filing_date,period_end,accession_number,source_url,primary_document_url,source_file,download_status,source_sha256,html_sha256,amendment_accessions,parser_version,issuer_verified,current_ticker_cik,selection_note,entity_continuity_url,subsector,business_model_note,source_scope_note
MSFT,MICROSOFT CORP,Technology / Software,Services-Prepackaged Software,0000789019,10-K,2026-07-29,2026-06-30,0001193125-26-323660,https://www.sec.gov/Archives/edgar/data/789019/000119312526323660/0001193125-26-323660-index.html,https://www.sec.gov/Archives/edgar/data/789019/000119312526323660/msft-20260630.htm,MSFT_10K_2026-07-29.txt,verified,d8abaffdbf47ffb88ba56b826514759fef079cda66810b0b54f08ee300b6aaa4,6c2858c9d8b3360462ebf26f8aa5408b0bf5f46ae9e0ae7f91fbffc535ee9127,NA,edgartools 5.61.1; HTMLParser; max_col_width=500,True,0000789019,NA,NA,Software / cloud,AI vendor and user scopes distinguished in claims.,Complete primary 10-K; exhibits and proxy material excluded.
ADBE,ADOBE INC.,Technology / Software,Services-Prepackaged Software,0000796343,10-K,2026-01-15,2025-11-28,0000796343-26-000003,https://www.sec.gov/Archives/edgar/data/796343/000079634326000003/0000796343-26-000003-index.html,https://www.sec.gov/Archives/edgar/data/796343/000079634326000003/adbe-20251128.htm,ADBE_10K_2026-01-15.txt,verified,2a424aa046d8b62ac226f0d44d8bd2482d5dbcdcb710b4cc5b361f410c844bf5,c0edcca4e0586e1d7bcb3ec232a4b8d640eea4ad970b0b620d9909c7fb202b2a,NA,edgartools 5.61.1; HTMLParser; max_col_width=500,True,0000796343,NA,NA,Software / cloud,AI vendor and user scopes distinguished in claims.,Complete primary 10-K; exhibits and proxy material excluded.
CRM,"Salesforce, Inc.",Technology / Software,Services-Prepackaged Software,0001108524,10-K,2026-03-02,2026-01-31,0001108524-26-000060,https://www.sec.gov/Archives/edgar/data/1108524/000110852426000060/0001108524-26-000060-index.html,https://www.sec.gov/Archives/edgar/data/1108524/000110852426000060/crm-20260131.htm,CRM_10K_2026-03-02.txt,verified,2f917daa5f87f337ab1780a39e9da527e8253a768fc6557249702fce9cfa90e3,28e4c33c5d8332d929a3630735016739dd10b479a2baca46f3532f00631f1c69,NA,edgartools 5.61.1; HTMLParser; max_col_width=500,True,0001108524,NA,NA,Software / cloud,AI vendor and user scopes distinguished in claims.,Complete primary 10-K; exhibits and proxy material excluded.
GOOGL,Alphabet Inc.,Technology / Software,"Services-Computer Programming, Data Processing, Etc.",0001652044,10-K,2026-02-05,2025-12-31,0001652044-26-000018,https://www.sec.gov/Archives/edgar/data/1652044/000165204426000018/0001652044-26-000018-index.html,https://www.sec.gov/Archives/edgar/data/1652044/000165204426000018/goog-20251231.htm,GOOGL_10K_2026-02-05.txt,verified,ddf7f06f4e63fe81f92a530870f0b1bbe15093e74248bc6f11e9b1832c500242,40523841772c9d7020b1960b87ddb554224bc2e953e3caf010b416c6ea86e918,NA,edgartools 5.61.1; HTMLParser; max_col_width=500,True,0001652044,NA,NA,Internet platforms,AI vendor and user scopes distinguished in claims.,Complete primary 10-K; exhibits and proxy material excluded.
META,"Meta Platforms, Inc.",Technology / Software,"Services-Computer Programming, Data Processing, Etc.",0001326801,10-K,2026-01-29,2025-12-31,0001628280-26-003942,https://www.sec.gov/Archives/edgar/data/1326801/000162828026003942/0001628280-26-003942-index.html,https://www.sec.gov/Archives/edgar/data/1326801/000162828026003942/meta-20251231.htm,META_10K_2026-01-29.txt,verified,18a44ce4aa3e2342d59bda86f6eac6c01e28e5fabc7c13cc4b4af83ec4eee1c7,0efec2330f8befe282eefb825292b582ae9d47e7579106a159e53b6468da1528,NA,edgartools 5.61.1; HTMLParser; max_col_width=500,True,0001326801,NA,NA,Internet platforms,AI vendor and user scopes distinguished in claims.,Complete primary 10-K; exhibits and proxy material excluded.
ORCL,ORACLE CORP,Technology / Software,Services-Prepackaged Software,0001341439,10-K,2026-06-22,2026-05-31,0001193125-26-277521,https://www.sec.gov/Archives/edgar/data/1341439/000119312526277521/0001193125-26-277521-index.html,https://www.sec.gov/Archives/edgar/data/1341439/000119312526277521/orcl-20260531.htm,ORCL_10K_2026-06-22.txt,verified,fb2f2fc1bf686c1ae0e52a392d7bd0fe26189f00b9f35d7e8f16a87a60d8ac1d,449f6a18afce617072aed5803c1788c908779d0ee7da9847cdca9476b2416bdd,NA,edgartools 5.61.1; HTMLParser; max_col_width=500,True,0001341439,NA,NA,Software / cloud,AI vendor and user scopes distinguished in claims.,Complete primary 10-K; exhibits and proxy material excluded.
NOW,"ServiceNow, Inc.",Technology / Software,Services-Prepackaged Software,0001373715,10-K,2026-01-29,2025-12-31,0001373715-26-000007,https://www.sec.gov/Archives/edgar/data/1373715/000137371526000007/0001373715-26-000007-index.html,https://www.sec.gov/Archives/edgar/data/1373715/000137371526000007/now-20251231.htm,NOW_10K_2026-01-29.txt,verified,01d7c270de502479f2a8414051a03878306a5d1c202c775426ec9bd45bdf47be,bc8279e1b291d7d0984023fffea3878faaae3761978acb665c9711b04e58357f,NA,edgartools 5.61.1; HTMLParser; max_col_width=500,True,0001373715,NA,NA,Software / cloud,AI vendor and user scopes distinguished in claims.,Complete primary 10-K; exhibits and proxy material excluded.
WMT,Walmart Inc.,Retail / Consumer Commerce,Retail-Variety Stores,0000104169,10-K,2026-03-13,2026-01-31,0000104169-26-000055,https://www.sec.gov/Archives/edgar/data/104169/000010416926000055/0000104169-26-000055-index.html,https://www.sec.gov/Archives/edgar/data/104169/000010416926000055/wmt-20260131.htm,WMT_10K_2026-03-13.txt,verified,97db8f78c81a301b59602984a653935d1b8e553eab688654c96f9f245ec9eecd,7cf714a6b54becde8d5c3c396db7cffa7025bcedc58c37bedb8813eabc69a4ce,NA,edgartools 5.61.1; HTMLParser; max_col_width=500,True,0000104169,NA,NA,General / grocery retail,NA,Complete primary 10-K; exhibits and proxy material excluded.
TGT,TARGET CORP,Retail / Consumer Commerce,Retail-Variety Stores,0000027419,10-K,2026-03-11,2026-01-31,0000027419-26-000016,https://www.sec.gov/Archives/edgar/data/27419/000002741926000016/0000027419-26-000016-index.html,https://www.sec.gov/Archives/edgar/data/27419/000002741926000016/tgt-20260131.htm,TGT_10K_2026-03-11.txt,verified,bca62045fb4ddc2235120fb9e4ad039163ea0950106f9d2ef65e3a6628a18835,222eaa25b428749928fae94521289efc4764d5ead141732d04af5e37c0bc11dc,NA,edgartools 5.61.1; HTMLParser; max_col_width=500,True,0000027419,NA,NA,General / grocery retail,NA,Complete primary 10-K; exhibits and proxy material excluded.
COST,COSTCO WHOLESALE CORP /NEW,Retail / Consumer Commerce,Retail-Variety Stores,0000909832,10-K,2026-10-07,2026-08-30,0000909832-26-000093,https://www.sec.gov/Archives/edgar/data/909832/000090983226000093/0000909832-26-000093-index.html,https://www.sec.gov/Archives/edgar/data/909832/000090983226000093/cost-20260830.htm,COST_10K_2026-10-07.txt,verified,b213c7f3118bc349649d51dd79f8603bb9b4b78ab0d5519e5a002d19740233d2,a7013283b21b58a66eb662a5919e9ea6e2bcabce7a3f84b3b4483708c2b894f0,NA,edgartools 5.61.1; HTMLParser; max_col_width=500,True,0000909832,NA,NA,General / grocery retail,NA,Complete primary 10-K; exhibits and proxy material excluded.
AMZN,AMAZON COM INC,Retail / Consumer Commerce,Retail-Catalog & Mail-Order Houses,0001018724,10-K,2026-02-06,2025-12-31,0001018724-26-000004,https://www.sec.gov/Archives/edgar/data/1018724/000101872426000004/0001018724-26-000004-index.html,https://www.sec.gov/Archives/edgar/data/1018724/000101872426000004/amzn-20251231.htm,AMZN_10K_2026-02-06.txt,verified,613c583e47097373dbf20709c7f6872c98f437dc9d0c5696e07148bf6d42a730,6a31287add628afbbd9fb7522c9efdf21d6199e1bb69201deaf25be9489d4a63,NA,edgartools 5.61.1; HTMLParser; max_col_width=500,True,0001018724,NA,NA,Commerce / cloud infrastructure,Retail and AWS cloud/AI provider; scope-specific coding required.,Complete primary 10-K; exhibits and proxy material excluded.
HD,"HOME DEPOT, INC.",Retail / Consumer Commerce,Retail-Lumber & Other Building Materials Dealers,0000354950,10-K,2026-03-18,2026-02-01,0001628280-26-019436,https://www.sec.gov/Archives/edgar/data/354950/000162828026019436/0001628280-26-019436-index.html,https://www.sec.gov/Archives/edgar/data/354950/000162828026019436/hd-20260201.htm,HD_10K_2026-03-18.txt,verified,8836cf73ce86d7245a97ac500854a3b71a1ae4eec1f441914f0487c56d74480b,7db127dea74e973f8e7fa072ac980afdab55db604283d0c9e490c7084711fe54,NA,edgartools 5.61.1; HTMLParser; max_col_width=500,True,0000354950,NA,NA,Home improvement retail,NA,Complete primary 10-K; exhibits and proxy material excluded.
LOW,LOWES COMPANIES INC,Retail / Consumer Commerce,Retail-Lumber & Other Building Materials Dealers,0000060667,10-K,2026-03-23,2026-01-30,0000060667-26-000029,https://www.sec.gov/Archives/edgar/data/60667/000006066726000029/0000060667-26-000029-index.html,https://www.sec.gov/Archives/edgar/data/60667/000006066726000029/low-20260130.htm,LOW_10K_2026-03-23.txt,verified,4c6de831575b35259c702b0ed517b02b2ceef7a2972f18e3b31a86e074331a1f,4a53d2b14eb724389e4e68f5f74a394456204b703da8d33fcd5afd5f3d9403c5,NA,edgartools 5.61.1; HTMLParser; max_col_width=500,True,0000060667,NA,NA,Home improvement retail,NA,Complete primary 10-K; exhibits and proxy material excluded.
KR,KROGER CO,Retail / Consumer Commerce,Retail-Grocery Stores,0000056873,10-K,2026-03-31,2026-01-31,0001104659-26-037723,https://www.sec.gov/Archives/edgar/data/56873/000110465926037723/0001104659-26-037723-index.html,https://www.sec.gov/Archives/edgar/data/56873/000110465926037723/kr-20260131x10k.htm,KR_10K_2026-03-31.txt,verified,dfc52366fabe5c6b9385111473d1ec032c3ecf84dc1bb6745893f00199138b43,1b29a9389c59724f1e640ade4d20e5bcd046f83f454691fd51f04df598ee7ad5,NA,edgartools 5.61.1; HTMLParser; max_col_width=500,True,0000056873,NA,NA,General / grocery retail,NA,Complete primary 10-K; exhibits and proxy material excluded.
JPM,JPMORGAN CHASE & CO,Financial Services / Banking,National Commercial Banks,0000019617,10-K,2026-02-13,2025-12-31,0001628280-26-008131,https://www.sec.gov/Archives/edgar/data/19617/000162828026008131/0001628280-26-008131-index.html,https://www.sec.gov/Archives/edgar/data/19617/000162828026008131/jpm-20251231.htm,JPM_10K_2026-02-13.txt,verified,993e45f6ca2f12951d8b85c21287e158cb0e1732e5053a025d1493c8ba08e502,d9c40aef41c501c9bc15cf1657b133af7f9fb626018ff4f694db1d3d4e70b5a3,NA,edgartools 5.61.1; HTMLParser; max_col_width=500,True,0000019617,NA,NA,Diversified / commercial banking,NA,Complete primary 10-K; exhibits and proxy material excluded.
BAC,BANK OF AMERICA CORP /DE/,Financial Services / Banking,National Commercial Banks,0000070858,10-K,2026-02-25,2025-12-31,0000070858-26-000157,https://www.sec.gov/Archives/edgar/data/70858/000007085826000157/0000070858-26-000157-index.html,https://www.sec.gov/Archives/edgar/data/70858/000007085826000157/bac-20251231.htm,BAC_10K_2026-02-25.txt,verified,3289a1af0a01bc81c6aa457eba36c0a955f11e34533a189e72712739b012f279,26ac23b13d0ef19399c2b7acb29a6d72fc7a0bf5bb6c51ab654030c0129b3a06,NA,edgartools 5.61.1; HTMLParser; max_col_width=500,True,0000070858,NA,NA,Diversified / commercial banking,NA,Complete primary 10-K; exhibits and proxy material excluded.
C,CITIGROUP INC,Financial Services / Banking,National Commercial Banks,0000831001,10-K,2026-02-20,2025-12-31,0000831001-26-000011,https://www.sec.gov/Archives/edgar/data/831001/000083100126000011/0000831001-26-000011-index.html,https://www.sec.gov/Archives/edgar/data/831001/000083100126000011/c-20251231.htm,C_10K_2026-02-20.txt,verified,576ec06c47fca0f393b941dae7a1ac6cffa5f2dbc45c57208ddc59e643999f66,e3a42cdd3eacb348cdc38e6db13011b44dd667c86e6631aef9abef7e090f330f,NA,edgartools 5.61.1; HTMLParser; max_col_width=500,True,0000831001,NA,NA,Diversified / commercial banking,NA,Complete primary 10-K; exhibits and proxy material excluded.
WFC,WELLS FARGO & COMPANY/MN,Financial Services / Banking,National Commercial Banks,0000072971,10-K,2026-02-24,2025-12-31,0000072971-26-000133,https://www.sec.gov/Archives/edgar/data/72971/000007297126000133/0000072971-26-000133-index.html,https://www.sec.gov/Archives/edgar/data/72971/000007297126000133/wfc-20251231_d2.htm,WFC_10K_2026-02-24.txt,verified,4128dc5a0ced1e035032fad40de7f0573f2f8665fffd69da2ab8fd267da7e7f2,e2590046f853ef577faeb57622a9b43648b2d6f70ff16feb159dfc7a0b1e7988,NA,edgartools 5.61.1; HTMLParser; max_col_width=500,True,0000072971,NA,NA,Diversified / commercial banking,NA,Complete primary 10-K; material annual-report sections incorporated by reference are outside primary-document extraction; no full-filing absence inference.
GS,GOLDMAN SACHS GROUP INC,Financial Services / Banking,"Security Brokers, Dealers & Flotation Companies",0000886982,10-K,2026-02-25,2025-12-31,0000886982-26-000091,https://www.sec.gov/Archives/edgar/data/886982/000088698226000091/0000886982-26-000091-index.html,https://www.sec.gov/Archives/edgar/data/886982/000088698226000091/gs-20251231.htm,GS_10K_2026-02-25.txt,verified,f3247a9bbda5ee545fc73f38fc23f1bfafaf6a0c260f674161d0dfdc56b72713,22dc59bdd68e5fec3ab958546bc911ae0f49400effdb33cb83f1420f819f60ae,NA,edgartools 5.61.1; HTMLParser; max_col_width=500,True,0000886982,NA,NA,Investment banking / wealth management,NA,Complete primary 10-K; exhibits and proxy material excluded.
MS,MORGAN STANLEY,Financial Services / Banking,"Security Brokers, Dealers & Flotation Companies",0000895421,10-K,2026-02-19,2025-12-31,0000895421-26-000086,https://www.sec.gov/Archives/edgar/data/895421/000089542126000086/0000895421-26-000086-index.html,https://www.sec.gov/Archives/edgar/data/895421/000089542126000086/ms-20251231.htm,MS_10K_2026-02-19.txt,verified,e2137b2dfa7cef0df1141128a67a707066300b5961826bf83efa0fd83aba578e,3d4819e9cac2907ed35f839f24324f43175bf952be7108c6f98cbbde44ad5b33,NA,edgartools 5.61.1; HTMLParser; max_col_width=500,True,0000895421,NA,NA,Investment banking / wealth management,NA,Complete primary 10-K; exhibits and proxy material excluded.
USB,US BANCORP \DE\,Financial Services / Banking,National Commercial Banks,0000036104,10-K,2026-02-23,2025-12-31,0000036104-26-000011,https://www.sec.gov/Archives/edgar/data/36104/000003610426000011/0000036104-26-000011-index.html,https://www.sec.gov/Archives/edgar/data/36104/000003610426000011/usb-20251231.htm,USB_10K_2026-02-23.txt,verified,2d55e36e6a5229d71ec7904e90878ae3615e71f2068085b516d7e280a9225508,8160711b3c5b5550638e159cd0e73dbe319118d79d781589cb961a619d5ce3d1,NA,edgartools 5.61.1; HTMLParser; max_col_width=500,True,0000036104,NA,NA,Diversified / commercial banking,NA,Complete primary 10-K; material annual-report sections incorporated by reference are outside primary-document extraction; no full-filing absence inference.
JNJ,JOHNSON & JOHNSON,Healthcare / Pharmaceuticals,Pharmaceutical Preparations,0000200406,10-K,2026-02-11,2025-12-28,0000200406-26-000016,https://www.sec.gov/Archives/edgar/data/200406/000020040626000016/0000200406-26-000016-index.html,https://www.sec.gov/Archives/edgar/data/200406/000020040626000016/jnj-20251228.htm,JNJ_10K_2026-02-11.txt,verified,9c6c9b0e89b863e93451151ba666f3c27b3220a39a0bfa5221e8df1260cc323b,a6d449cbe7b86eb31a12fada91e782b4037a5a40f98918292ca128b1ebd14b4c,NA,edgartools 5.61.1; HTMLParser; max_col_width=500,True,0000200406,NA,NA,Pharmaceuticals / biotechnology,NA,Complete primary 10-K; exhibits and proxy material excluded.
PFE,PFIZER INC,Healthcare / Pharmaceuticals,Pharmaceutical Preparations,0000078003,10-K,2026-02-26,2025-12-31,0000078003-26-000026,https://www.sec.gov/Archives/edgar/data/78003/000007800326000026/0000078003-26-000026-index.html,https://www.sec.gov/Archives/edgar/data/78003/000007800326000026/pfe-20251231.htm,PFE_10K_2026-02-26.txt,verified,a98b8c12f5cf66f949991ae0c825f88901b9fd32f7f2c3ae835accd2900046f0,773be67a3cd4ebb5930b0d91fca3cff2f67c417743925b2717c73adeb5666a8b,NA,edgartools 5.61.1; HTMLParser; max_col_width=500,True,0000078003,NA,NA,Pharmaceuticals / biotechnology,NA,Complete primary 10-K; exhibits and proxy material excluded.
MRK,"Merck & Co., Inc.",Healthcare / Pharmaceuticals,Pharmaceutical Preparations,0000310158,10-K,2026-02-24,2025-12-31,0000310158-26-000063,https://www.sec.gov/Archives/edgar/data/310158/000031015826000063/0000310158-26-000063-index.html,https://www.sec.gov/Archives/edgar/data/310158/000031015826000063/mrk-20251231.htm,MRK_10K_2026-02-24.txt,verified,fdcb5f9c4b85d938f7d5bea18f6801452c159de25efa5e4774bca3ad2f901471,e5c624d12eb29b49d9436fd023e3352f648e35750dac268467fc30dcb822089d,NA,edgartools 5.61.1; HTMLParser; max_col_width=500,True,0000310158,NA,NA,Pharmaceuticals / biotechnology,NA,Complete primary 10-K; exhibits and proxy material excluded.
ABBV,AbbVie Inc.,Healthcare / Pharmaceuticals,Pharmaceutical Preparations,0001551152,10-K,2026-02-20,2025-12-31,0001551152-26-000008,https://www.sec.gov/Archives/edgar/data/1551152/000155115226000008/0001551152-26-000008-index.html,https://www.sec.gov/Archives/edgar/data/1551152/000155115226000008/abbv-20251231.htm,ABBV_10K_2026-02-20.txt,verified,5f0ba47add77774b9bd0a0abac3650bb8d43657b2aefe452093f477b8a01ce67,5d6413c29f240b3a3c35bdf57b8d27ffc2e2bbca2398eb05582ad43eb790deae,NA,edgartools 5.61.1; HTMLParser; max_col_width=500,True,0001551152,NA,NA,Pharmaceuticals / biotechnology,NA,Complete primary 10-K; exhibits and proxy material excluded.
BMY,BRISTOL MYERS SQUIBB CO,Healthcare / Pharmaceuticals,Pharmaceutical Preparations,0000014272,10-K,2026-02-11,2025-12-31,0000014272-26-000004,https://www.sec.gov/Archives/edgar/data/14272/000001427226000004/0000014272-26-000004-index.html,https://www.sec.gov/Archives/edgar/data/14272/000001427226000004/bmy-20251231.htm,BMY_10K_2026-02-11.txt,verified,d49709afa171330e2b266ee855571478afd98541aefb302e8c7c6aa0a743db17,822b73b411acdc1f059b3085260deec570f815090b9d4bf43df73084ff313d55,NA,edgartools 5.61.1; HTMLParser; max_col_width=500,True,0000014272,NA,NA,Pharmaceuticals / biotechnology,NA,Complete primary 10-K; exhibits and proxy material excluded.
LLY,ELI LILLY & Co,Healthcare / Pharmaceuticals,Pharmaceutical Preparations,0000059478,10-K,2026-02-12,2025-12-31,0000059478-26-000013,https://www.sec.gov/Archives/edgar/data/59478/000005947826000013/0000059478-26-000013-index.html,https://www.sec.gov/Archives/edgar/data/59478/000005947826000013/lly-20251231.htm,LLY_10K_2026-02-12.txt,verified,9aabce93a435929a6fbb17c5ced13eab87ac382b325a959f5b76cdea0ec63153,f8181b6160f7d75def147f38aca8d5b07d5ca90789a919717507e158c319b050,NA,edgartools 5.61.1; HTMLParser; max_col_width=500,True,0000059478,NA,NA,Pharmaceuticals / biotechnology,NA,Complete primary 10-K; exhibits and proxy material excluded.
AMGN,AMGEN INC,Healthcare / Pharmaceuticals,"Biological Products, (No Diagnostic Substances)",0000318154,10-K,2026-02-13,2025-12-31,0000318154-26-000010,https://www.sec.gov/Archives/edgar/data/318154/000031815426000010/0000318154-26-000010-index.html,https://www.sec.gov/Archives/edgar/data/318154/000031815426000010/amgn-20251231.htm,AMGN_10K_2026-02-13.txt,verified,211f6b233aba4412cb4a5563427767849efc7effebf01274e2c6676504decf95,0487043330d0d6b8426ffcebbc33ec66aa64892dcad749f9bca37ea635a69b1f,NA,edgartools 5.61.1; HTMLParser; max_col_width=500,True,0000318154,NA,NA,Pharmaceuticals / biotechnology,NA,Complete primary 10-K; exhibits and proxy material excluded.
CAT,CATERPILLAR INC,Industrials / Manufacturing,Construction Machinery & Equip,0000018230,10-K,2026-02-13,2025-12-31,0000018230-26-000008,https://www.sec.gov/Archives/edgar/data/18230/000001823026000008/0000018230-26-000008-index.html,https://www.sec.gov/Archives/edgar/data/18230/000001823026000008/cat-20251231.htm,CAT_10K_2026-02-13.txt,verified,71658d881bd6dc8cb88155ab43d864c2d69de939ef520f270cbd56fa756d14cf,aa357d045f2ac7b2b0e286aaeb94bf740adcffa255610bcaf8e9f08e9b28058a,NA,edgartools 5.61.1; HTMLParser; max_col_width=500,True,0000018230,NA,NA,Construction / mining machinery,NA,Complete primary 10-K; exhibits and proxy material excluded.
DE,DEERE & CO,Industrials / Manufacturing,Farm Machinery & Equipment,0000315189,10-K,2025-12-18,2025-11-02,0001104659-25-122321,https://www.sec.gov/Archives/edgar/data/315189/000110465925122321/0001104659-25-122321-index.html,https://www.sec.gov/Archives/edgar/data/315189/000110465925122321/de-20251102x10k.htm,DE_10K_2025-12-18.txt,verified,012ec69eea86cd50c86acb993b93f856edc0df9ffa45d47be2331fae80c6885e,629f7b3de03233f5c06930d52da85a31d35e4a85e6991d1da3d44f081e63c05a,NA,edgartools 5.61.1; HTMLParser; max_col_width=500,True,0000315189,NA,NA,Agricultural machinery,NA,Complete primary 10-K; exhibits and proxy material excluded.
HON,HONEYWELL INTERNATIONAL INC,Industrials / Manufacturing,Aircraft Engines & Engine Parts,0000773840,10-K,2026-02-17,2025-12-31,0000773840-26-000013,https://www.sec.gov/Archives/edgar/data/773840/000077384026000013/0000773840-26-000013-index.html,https://www.sec.gov/Archives/edgar/data/773840/000077384026000013/hon-20251231.htm,HON_10K_2026-02-17.txt,verified,d1c2cdbeb56d23ccadd23a45330b98bb144280a2d0a0a72923247eb5809ab1b7,5f3378721dca94e92ec84d23ee1b46dc74d5d69f048f0538cd43a3cf3d01584b,NA,edgartools 5.61.1; HTMLParser; max_col_width=500,True,0000773840,NA,NA,Diversified industrial technology,NA,Complete primary 10-K; exhibits and proxy material excluded.
GE,GENERAL ELECTRIC CO,Industrials / Manufacturing,Electronic & Other Electrical Equipment (No Computer Equip),0000040545,10-K,2026-01-29,2025-12-31,0000040545-26-000008,https://www.sec.gov/Archives/edgar/data/40545/000004054526000008/0000040545-26-000008-index.html,https://www.sec.gov/Archives/edgar/data/40545/000004054526000008/ge-20251231.htm,GE_10K_2026-01-29.txt,verified,5815c34b19d86e33d40c4a8624dc3a3ca529312fe0b8720521c29058df34540b,13d4d1bb15f30db3594f55b4543b713141e812bb8e9d78113533de4b9a78175e,NA,edgartools 5.61.1; HTMLParser; max_col_width=500,True,0000040545,"Continuing General Electric SEC registrant CIK 40545, operating as GE Aerospace following GE Vernova separation; current issuer annual report.",https://www.sec.gov/Archives/edgar/data/40545/000004054526000008/ge-20251231.htm,Aerospace engines / services,NA,Complete primary 10-K; exhibits and proxy material excluded.
RTX,RTX Corp,Industrials / Manufacturing,Aircraft Engines & Engine Parts,0000101829,10-K,2026-02-06,2025-12-31,0000101829-26-000006,https://www.sec.gov/Archives/edgar/data/101829/000010182926000006/0000101829-26-000006-index.html,https://www.sec.gov/Archives/edgar/data/101829/000010182926000006/rtx-20251231.htm,RTX_10K_2026-02-06.txt,verified,8d98367009e02c4636d8e5c0eeec09b5bd907955e17fb112815f7ec7d7683bf9,d48e0500394f9b561f48eb78d1d86a25fdb6756ca0e835d76a81c20074f80c86,NA,edgartools 5.61.1; HTMLParser; max_col_width=500,True,0000101829,NA,NA,Aerospace / defense,NA,Complete primary 10-K; exhibits and proxy material excluded.
ETN,Eaton Corp plc,Industrials / Manufacturing,Misc Industrial & Commercial Machinery & Equipment,0001551182,10-K,2026-02-26,2025-12-31,0001551182-26-000007,https://www.sec.gov/Archives/edgar/data/1551182/000155118226000007/0001551182-26-000007-index.html,https://www.sec.gov/Archives/edgar/data/1551182/000155118226000007/etn-20251231.htm,ETN_10K_2026-02-26.txt,verified,f1b3d2050949efc52d6b66aac19e27a2603023d53173ed8180f3dbfc141b73bd,1982a799e9b9054c4f3b72a179823ea399b4af75ab1cc926a206746737ec09b2,NA,edgartools 5.61.1; HTMLParser; max_col_width=500,True,0001551182,NA,NA,Power management,NA,Complete primary 10-K; exhibits and proxy material excluded.
MMM,3M CO,Industrials / Manufacturing,Surgical & Medical Instruments & Apparatus,0000066740,10-K,2026-02-03,2025-12-31,0000066740-26-000014,https://www.sec.gov/Archives/edgar/data/66740/000006674026000014/0000066740-26-000014-index.html,https://www.sec.gov/Archives/edgar/data/66740/000006674026000014/mmm-20251231.htm,MMM_10K_2026-02-03.txt,verified,056cdb26d1855e629c673668d9cc74ef451ee56a0538e311f3ffcbacefe97c9a,a153982714eb870e7befd5d812589bb0625f4b0168c3c0ce430b86b8266b46e6,NA,edgartools 5.61.1; HTMLParser; max_col_width=500,True,0000066740,NA,NA,Diversified manufacturing,NA,Complete primary 10-K; exhibits and proxy material excluded.
XOM,EXXON MOBIL CORP,Energy / Oil & Gas,Petroleum Refining,0000034088,10-K,2026-02-18,2025-12-31,0000034088-26-000045,https://www.sec.gov/Archives/edgar/data/34088/000003408826000045/0000034088-26-000045-index.html,https://www.sec.gov/Archives/edgar/data/34088/000003408826000045/xom-20251231.htm,XOM_10K_2026-02-18.txt,verified,1412b04f0412d90e1f63b8f244cfc3703583f5bbc0cf11aa83bd1ddfa2298473,baa0a80318903163f01402ca8501d1ef7cfc6c49b95103437740d1c2d60bb5b8,NA,edgartools 5.61.1; HTMLParser; max_col_width=500,True,0002115436,Latest annual report of consolidated XOM group under predecessor registrant; successor redomiciliation effective 2026-07-01; no successor original 10-K by cutoff.,https://www.sec.gov/Archives/edgar/data/2115436/000119312526291990/d71068d8k12b.htm,Integrated oil and gas,NA,Complete primary 10-K; exhibits and proxy material excluded.
CVX,CHEVRON CORP,Energy / Oil & Gas,Petroleum Refining,0000093410,10-K,2026-02-24,2025-12-31,0000093410-26-000078,https://www.sec.gov/Archives/edgar/data/93410/000009341026000078/0000093410-26-000078-index.html,https://www.sec.gov/Archives/edgar/data/93410/000009341026000078/cvx-20251231.htm,CVX_10K_2026-02-24.txt,verified,5e29ca48509a7210446d693143d35c38b5064738653e9bde24c55fd7ec6da727,76b76733c1fd8457377a7eba1c8b8b740cec17bafee902dbfa29d8bc7b1b07e7,NA,edgartools 5.61.1; HTMLParser; max_col_width=500,True,0000093410,NA,NA,Integrated oil and gas,NA,Complete primary 10-K; exhibits and proxy material excluded.
COP,CONOCOPHILLIPS,Energy / Oil & Gas,Petroleum Refining,0001163165,10-K,2026-02-17,2025-12-31,0001163165-26-000009,https://www.sec.gov/Archives/edgar/data/1163165/000116316526000009/0001163165-26-000009-index.html,https://www.sec.gov/Archives/edgar/data/1163165/000116316526000009/cop-20251231.htm,COP_10K_2026-02-17.txt,verified,cf95510c8e5407bdacd89e9ab8fac8f4a490eb95b75fb1fbad2a987d6a22d01c,e6f1fe0f2e6b9d887bad156f005622da3f8cb0c204f6fb84e3767152ce4ea607,NA,edgartools 5.61.1; HTMLParser; max_col_width=500,True,0001163165,NA,NA,Upstream oil and gas,NA,Complete primary 10-K; exhibits and proxy material excluded.
OXY,OCCIDENTAL PETROLEUM CORP /DE/,Energy / Oil & Gas,Crude Petroleum & Natural Gas,0000797468,10-K,2026-02-18,2025-12-31,0001628280-26-009059,https://www.sec.gov/Archives/edgar/data/797468/000162828026009059/0001628280-26-009059-index.html,https://www.sec.gov/Archives/edgar/data/797468/000162828026009059/oxy-20251231.htm,OXY_10K_2026-02-18.txt,verified,e521671baef7aa8e82e5931252cc8ae9d4c3dc6289880110ea393c12c08f43c4,a422a9a42e216d711fba1481f7d936d510ecbb4a4feeddaf580fedbef7206eb0,NA,edgartools 5.61.1; HTMLParser; max_col_width=500,True,0000797468,NA,NA,Upstream oil and gas,NA,Complete primary 10-K; exhibits and proxy material excluded.
EOG,EOG RESOURCES INC,Energy / Oil & Gas,Crude Petroleum & Natural Gas,0000821189,10-K,2026-02-24,2025-12-31,0000821189-26-000054,https://www.sec.gov/Archives/edgar/data/821189/000082118926000054/0000821189-26-000054-index.html,https://www.sec.gov/Archives/edgar/data/821189/000082118926000054/eog-20251231.htm,EOG_10K_2026-02-24.txt,verified,38cf4ea9fee78ae1f08013a074439091a1913238f9ad024db497b0d942f14a00,48f50c33b8b2ef08d53ebd67ee49a2db8a3cbc724c2f6d7402e56d598e53508f,NA,edgartools 5.61.1; HTMLParser; max_col_width=500,True,0000821189,NA,NA,Upstream oil and gas,NA,Complete primary 10-K; exhibits and proxy material excluded.
SLB,SLB LIMITED/NV,Energy / Oil & Gas,"Oil & Gas Field Services, NEC",0000087347,10-K,2026-01-23,2025-12-31,0001193125-26-021017,https://www.sec.gov/Archives/edgar/data/87347/000119312526021017/0001193125-26-021017-index.html,https://www.sec.gov/Archives/edgar/data/87347/000119312526021017/slb-20251231.htm,SLB_10K_2026-01-23.txt,verified,c7fd7a940dcbc964ad22709737cdcd6144c5a65322489acf22b23a6dfd11c75d,0def7071c9a4a454fa7c8df2a083c509f8068550e27c928ed0b62b22c7234b06,NA,edgartools 5.61.1; HTMLParser; max_col_width=500,True,0000087347,NA,NA,Oilfield services / technology,NA,Complete primary 10-K; exhibits and proxy material excluded.
PSX,Phillips 66,Energy / Oil & Gas,Petroleum Refining,0001534701,10-K,2026-02-20,2025-12-31,0001534701-26-000006,https://www.sec.gov/Archives/edgar/data/1534701/000153470126000006/0001534701-26-000006-index.html,https://www.sec.gov/Archives/edgar/data/1534701/000153470126000006/psx-20251231.htm,PSX_10K_2026-02-20.txt,verified,a1e5fc81ceb531c5de66b24490f6561f10f9843382efe66cc7ca03fb8203a68b,504e4508a3f8f96932c87d83fbbae43a7133d392ea6abcc8dd10756045c56a56,NA,edgartools 5.61.1; HTMLParser; max_col_width=500,True,0001534701,NA,NA,Downstream / refining,NA,Complete primary 10-K; exhibits and proxy material excluded.
