ticker,source_file,total_word_count,ai_candidate_passage_count,ai_candidate_word_count,ai_candidate_word_share,ai_mention_count,ai_mentions_per_1000_words
MSFT,MSFT_10K_2026-07-29.txt,47809,101,12357,0.25846597920893555,175,3.6603986697065407
ADBE,ADBE_10K_2026-01-15.txt,50379,64,7922,0.1572480597074178,167,3.314873260684015
CRM,CRM_10K_2026-03-02.txt,60336,72,8199,0.1358890214797136,135,2.2374701670644392
WMT,WMT_10K_2026-03-13.txt,53778,19,3842,0.07144185354605972,25,0.46487411209044593
TGT,TGT_10K_2026-03-11.txt,35511,10,1751,0.04930866492072879,15,0.4224043254202923
COST,COST_10K_2026-10-07.txt,31410,5,1241,0.03950971028334925,10,0.3183699458771092
JPM,JPM_10K_2026-02-13.txt,177035,20,1090,0.006156974609540487,30,0.16945801677634367
BAC,BAC_10K_2026-02-25.txt,133177,24,3966,0.029779916952626957,41,0.3078609669837885
C,C_10K_2026-02-20.txt,177460,20,1561,0.0087963484728953,38,0.21413276231263384
JNJ,JNJ_10K_2026-02-11.txt,62539,3,641,0.010249604246949904,12,0.19188026671357072
PFE,PFE_10K_2026-02-26.txt,95242,19,2869,0.030123264946137207,42,0.4409819197412906
MRK,MRK_10K_2026-02-24.txt,93636,4,210,0.002242727156221966,14,0.14951514374813107
CAT,CAT_10K_2026-02-13.txt,65816,1,173,0.0026285401726024067,2,0.03038774766014343
DE,DE_10K_2025-12-18.txt,55789,15,1266,0.0226926455035939,20,0.3584936098514044
HON,HON_10K_2026-02-17.txt,66712,9,2229,0.03341227964983811,28,0.4197145940760283
XOM,XOM_10K_2026-02-18.txt,62895,3,467,0.0074250735352571744,5,0.07949757532395262
CVX,CVX_10K_2026-02-24.txt,73488,3,267,0.0036332462442847813,14,0.19050729370781624
COP,COP_10K_2026-02-17.txt,75683,1,145,0.0019158859981766052,1,0.013213006883976586
